epoch, batch, loss, loss_f, loss_e, f_mae, f_rmse, e_mae, e_rmse
    1,     1,           1.5702,          0.67416,          0.29868,          0.40191,          0.69985,          0.25458,          0.26408
    1,     2,           9.0131,            1.393,             2.54,          0.54698,            1.006,            2.165,           2.2598
    1,     3,           4.9721,          0.75299,           1.4064,          0.45107,          0.73964,           1.1987,           1.3323
    1,     4,           2.5969,           1.4274,          0.38983,           0.5514,           1.0183,          0.33228,          0.33248
    2,     1,           2.7797,           1.0815,          0.56605,          0.49291,          0.88642,          0.48248,          0.48371
    2,     2,           3.3959,           1.1765,          0.73981,          0.48978,          0.92451,          0.63058,          0.75748
    2,     3,           1.3548,          0.71616,          0.21288,           0.4246,          0.72132,          0.18145,          0.24148
    2,     4,           3.5174,           1.0962,          0.80707,          0.53208,           0.8924,          0.68792,          0.86536
    3,     1,           2.9574,          0.83943,          0.70598,          0.45362,          0.78093,          0.60175,          0.73792
    3,     2,           1.7475,          0.54769,          0.39992,          0.37988,           0.6308,          0.34088,          0.34235
    3,     3,           2.1013,           1.3728,          0.24284,            0.542,          0.99868,          0.20699,          0.20974
    3,     4,           5.0821,           1.5107,           1.1905,          0.59486,           1.0477,           1.0147,           1.0949
    4,     1,           4.7643,           1.1885,           1.1919,           0.4974,          0.92922,            1.016,           1.1377
    4,     2,           1.7861,           1.3078,          0.15943,          0.53482,          0.97476,          0.13589,          0.13619
    4,     3,           2.0177,          0.79499,          0.40756,          0.45157,          0.75998,          0.34739,          0.58166
    4,     4,           1.3436,          0.44261,          0.30033,           0.3799,          0.56706,          0.25599,          0.25628
    5,     1,           2.2505,          0.77254,          0.49266,          0.43216,          0.74917,          0.41992,          0.50843
    5,     2,           2.2003,          0.99157,           0.4029,          0.46101,          0.84876,          0.34342,          0.52361
    5,     3,           2.7937,           1.2703,           0.5078,          0.54943,          0.96068,          0.43283,          0.68486
    5,     4,           1.2348,          0.94573,         0.096352,          0.46291,          0.82891,         0.082123,         0.082152
    6,     1,           2.3035,            1.045,           0.4195,           0.5016,          0.87132,          0.35756,          0.53318
    6,     2,           2.4448,           1.1247,          0.44003,          0.51515,          0.90395,          0.37506,          0.54402
    6,     3,           1.9074,          0.63181,          0.42519,          0.38405,          0.67751,          0.36242,          0.47477
    6,     4,           2.3496,           1.4033,          0.31543,          0.54677,           1.0097,          0.26886,          0.26895
    7,     1,           2.1268,           1.0921,          0.34493,          0.46667,          0.89073,            0.294,          0.54703
    7,     2,           2.3374,            0.809,          0.50945,          0.45401,          0.76665,          0.43423,          0.64529
    7,     3,           1.6679,          0.94006,          0.24262,          0.47231,          0.82642,           0.2068,          0.24178
    7,     4,           3.5362,           1.3166,          0.73987,          0.56368,          0.97804,          0.63063,          0.82235
    8,     1,           2.1011,           0.9447,          0.38548,          0.48086,          0.82845,          0.32857,          0.47147
    8,     2,           3.1573,           1.1543,          0.66767,          0.51089,          0.91577,          0.56909,           0.6198
    8,     3,           2.6146,            1.006,          0.53621,          0.46426,          0.85492,          0.45704,          0.45849
    8,     4,           2.1348,          0.77602,          0.45293,          0.43668,          0.75086,          0.38606,          0.39084
    9,     1,           1.4606,          0.79776,          0.22094,          0.42237,           0.7613,          0.18832,          0.19327
    9,     2,           2.1601,          0.74638,          0.47124,          0.45101,          0.73638,          0.40166,          0.63791
    9,     3,            3.246,           1.2632,          0.66093,          0.53846,            0.958,          0.56335,          0.71312
    9,     4,           3.8733,           1.3576,          0.83857,          0.52446,          0.99314,          0.71476,          0.89946
   10,     1,           2.3011,           1.1939,          0.36909,           0.4801,          0.93133,          0.31459,          0.54646
   10,     2,           3.1076,           1.2951,          0.60416,          0.56703,          0.97001,          0.51497,          0.65012
   10,     3,           2.0156,          0.57314,          0.48082,          0.39869,          0.64529,          0.40983,          0.41239
   10,     4,           2.6811,           0.8296,          0.61715,          0.45231,          0.77635,          0.52603,          0.52826
   11,     1,           2.8631,           1.1227,          0.58014,          0.50466,          0.90312,          0.49448,          0.49607
   11,     2,           2.5513,            0.845,          0.56877,          0.46268,          0.78352,          0.48479,          0.49373
   11,     3,           1.8531,          0.78618,          0.35562,          0.41987,          0.75576,          0.30312,          0.30597
   11,     4,           1.7576,           1.4109,          0.11556,          0.56155,           1.0124,         0.098499,          0.10671
   12,     1,           2.1105,          0.84446,            0.422,          0.46504,          0.78327,           0.3597,          0.53964
   12,     2,           1.5437,          0.83022,          0.23782,          0.43291,          0.77664,          0.20271,          0.21189
   12,     3,            3.298,           1.3887,          0.63646,          0.54808,           1.0044,          0.54249,          0.72843
   12,     4,           1.1731,          0.75448,          0.13954,          0.43005,          0.74037,          0.11894,          0.13502
   13,     1,           1.9562,          0.90415,          0.35067,          0.42552,          0.81048,           0.2989,           0.3725
   13,     2,            2.371,            1.233,          0.37934,          0.54424,          0.94645,          0.32334,          0.40866
   13,     3,           1.6781,          0.86712,          0.27031,          0.45851,          0.79371,           0.2304,          0.36282
   13,     4,          0.98751,          0.80718,         0.060112,          0.44345,          0.76579,         0.051235,          0.06604
   14,     1,           1.7101,           1.1707,          0.17982,          0.50785,          0.92223,          0.15327,          0.15783
   14,     2,           2.6205,          0.68038,           0.6467,          0.42666,          0.70307,          0.55122,           0.6549
   14,     3,           1.5606,          0.85803,          0.23419,          0.43469,          0.78954,          0.19962,           0.3376
   14,     4,           2.0918,           1.3008,          0.26367,          0.51982,          0.97214,          0.22474,          0.22727
   15,     1,           2.4741,           1.3021,          0.39065,          0.52901,          0.97263,          0.33298,          0.33442
   15,     2,           1.2829,          0.32131,          0.32052,          0.32447,          0.48316,           0.2732,          0.27334
   15,     3,           1.8703,           1.0668,          0.26785,          0.49382,          0.88036,          0.22831,          0.24354
   15,     4,           1.4928,           1.1441,          0.11622,           0.4909,          0.91172,          0.09906,         0.099277
   16,     1,           1.6759,          0.85459,          0.27379,          0.42392,          0.78795,          0.23336,          0.24072
   16,     2,           2.2219,          0.94887,          0.42433,          0.46867,          0.83029,          0.36168,          0.40373
   16,     3,           2.1031,          0.97806,          0.37503,          0.42198,          0.84296,          0.31966,          0.32632
   16,     4,            1.181,          0.72412,          0.15228,           0.4275,          0.72532,           0.1298,          0.13387
   17,     1,            1.419,          0.70062,          0.23948,          0.40229,          0.71345,          0.20412,          0.22634
   17,     2,           1.3375,          0.47085,          0.28887,          0.32489,          0.58488,          0.24623,          0.24962
   17,     3,           2.8301,           1.1537,          0.55878,          0.49015,          0.91553,          0.47628,          0.52124
   17,     4,           2.5795,           1.3761,          0.40113,          0.49001,          0.99989,          0.34191,          0.40236
   18,     1,           1.2745,          0.45119,          0.27444,          0.32648,          0.57254,          0.23392,          0.23452
   18,     2,           1.8803,           0.8982,          0.32735,          0.42025,          0.80781,          0.27902,          0.30906
   18,     3,           2.0334,           1.2709,          0.25418,          0.48198,          0.96088,          0.21666,           0.2652
   18,     4,           1.6346,          0.68253,          0.31735,          0.36132,          0.70418,           0.2705,          0.27389
   19,     1,           1.0624,          0.50922,          0.18438,          0.34942,          0.60824,          0.15715,          0.16875
   19,     2,           1.5544,          0.82444,          0.24332,          0.39507,          0.77393,          0.20739,          0.22176
   19,     3,           2.0199,           0.9939,          0.34201,          0.42172,          0.84975,          0.29152,          0.29375
   19,     4,           2.5293,           1.2616,          0.42257,          0.49721,          0.95737,          0.36018,          0.36046
   20,     1,           1.6638,           1.0937,          0.19004,           0.4521,          0.89139,          0.16198,          0.19101
   20,     2,           1.1467,           1.0215,         0.041718,          0.43124,          0.86148,         0.035557,         0.049081
   20,     3,           1.2025,          0.42021,          0.26075,           0.3192,          0.55253,          0.22225,          0.23207
   20,     4,           1.8599,          0.96232,          0.29918,          0.46817,          0.83615,          0.25502,          0.32054
   21,     1,           1.1228,          0.76302,          0.11991,          0.40143,          0.74454,          0.10221,          0.15936
   21,     2,            1.245,          0.66987,          0.19172,          0.36752,          0.69762,          0.16341,          0.17097
   21,     3,           2.2711,           1.0358,          0.41177,          0.44132,          0.86747,          0.35098,          0.35359
   21,     4,           2.6515,           1.1857,          0.48861,          0.49676,          0.92813,          0.41647,          0.41687
   22,     1,           1.5581,          0.66301,          0.29836,          0.37334,          0.69404,          0.25432,          0.27873
   22,     2,           1.9696,          0.93968,          0.34332,          0.43253,          0.82625,          0.29263,          0.29699
   22,     3,           1.4607,          0.89955,          0.18705,          0.39542,          0.80842,          0.15943,          0.16448
   22,     4,           1.6449,           1.0588,          0.19534,          0.47128,          0.87708,           0.1665,          0.21866
   23,     1,           1.2696,          0.55126,          0.23946,          0.32926,          0.63285,           0.2041,          0.20513
   23,     2,           1.7608,           1.1183,          0.21417,           0.4543,          0.90137,          0.18255,           0.1837
   23,     3,           1.9696,           1.0092,          0.32014,           0.4034,          0.85628,          0.27287,          0.29151
   23,     4,           1.1932,          0.53173,          0.22049,          0.36676,          0.62154,          0.18793,          0.20067
   24,     1,          0.67089,          0.54162,         0.043087,          0.29755,           0.6273,         0.036728,           0.0373
   24,     2,           1.3167,          0.78814,           0.1762,          0.40553,           0.7567,          0.15019,           0.1545
   24,     3,           1.3959,          0.93116,          0.15491,          0.38054,           0.8225,          0.13204,           0.1416
   24,     4,           1.6912,           1.1565,          0.17823,          0.44998,          0.91664,          0.15191,          0.16099
   25,     1,          0.92701,          0.54659,           0.1268,           0.3024,          0.63017,          0.10808,          0.11432
   25,     2,           1.5494,          0.83965,          0.23658,          0.34594,          0.78104,          0.20165,          0.21472
   25,     3,           1.6382,          0.96868,          0.22318,           0.3933,           0.8389,          0.19023,          0.19476
   25,     4,           1.1437,          0.87019,         0.091187,          0.40261,          0.79511,         0.077728,           0.0812
   26,     1,           1.0858,          0.94006,         0.048586,          0.36583,          0.82642,         0.041414,          0.05231
   26,     2,           1.3951,           1.0306,           0.1215,          0.40261,          0.86529,          0.10356,          0.13777
   26,     3,          0.93261,          0.42091,          0.17057,          0.29303,          0.55299,          0.14538,           0.1959
   26,     4,          0.88971,          0.72271,         0.055668,          0.32979,          0.72461,         0.047447,         0.050434
   27,     1,          0.97529,          0.69385,         0.093815,          0.29589,          0.70999,         0.079964,         0.097001
   27,     2,           1.2601,           1.0302,         0.076632,          0.37413,          0.86512,         0.065319,         0.072357
   27,     3,          0.88065,          0.70351,         0.059044,           0.3672,          0.71492,         0.050327,         0.055949
   27,     4,          0.77483,          0.68241,         0.030804,          0.36221,          0.70412,         0.026257,         0.026347
   28,     1,           1.2233,          0.93151,         0.097263,          0.38932,          0.82265,         0.082903,         0.098986
   28,     2,           1.0774,          0.79384,         0.094532,          0.39124,          0.75943,         0.080576,         0.089909
   28,     3,          0.95751,           0.7679,         0.063204,          0.31694,          0.74692,         0.053871,         0.066092
   28,     4,           0.8126,          0.62847,         0.061378,          0.31408,          0.67572,         0.052315,         0.054946
   29,     1,            1.173,          0.87499,          0.09935,          0.35859,           0.7973,         0.084682,          0.12969
   29,     2,           1.3401,          0.83343,          0.16888,          0.34257,          0.77814,          0.14395,          0.16233
   29,     3,           0.8912,          0.66897,         0.074076,          0.33796,          0.69715,         0.063139,         0.072756
   29,     4,           1.3567,          0.85711,          0.16652,          0.40162,          0.78912,          0.14193,          0.14838
   30,     1,          0.97443,          0.78235,         0.064028,          0.35312,          0.75392,         0.054573,         0.056293
   30,     2,           0.9322,          0.72993,         0.067423,          0.36246,          0.72822,         0.057468,         0.070057
   30,     3,           1.1966,          0.80694,          0.12987,          0.32304,          0.76567,           0.1107,          0.11634
   30,     4,           1.0112,          0.86524,         0.048668,          0.33799,          0.79285,         0.041481,         0.041657
   31,     1,           1.2242,          0.79705,           0.1424,           0.3012,          0.76097,          0.12137,          0.13017
   31,     2,           1.0511,          0.62182,           0.1431,           0.3182,          0.67213,          0.12197,          0.13078
   31,     3,           1.3124,           1.0766,           0.0786,          0.40179,          0.88442,         0.066996,         0.070981
   31,     4,          0.62987,          0.36966,         0.086739,          0.28395,          0.51823,         0.073933,         0.097342
   32,     1,           1.3437,          0.86785,          0.15863,          0.35933,          0.79405,          0.13521,           0.1389
   32,     2,           1.1265,          0.52188,          0.20153,          0.29701,          0.61576,          0.17178,          0.18396
   32,     3,           1.3342,          0.83413,          0.16667,          0.31215,          0.77847,          0.14207,          0.15766
   32,     4,           1.1474,          0.86479,         0.094219,          0.38015,          0.79264,         0.080311,         0.085786
   33,     1,           1.3716,           0.9983,          0.12444,          0.36453,          0.85164,          0.10607,          0.11304
   33,     2,           1.3125,          0.54377,          0.25625,           0.2956,          0.62853,          0.21841,          0.22131
   33,     3,           1.4506,          0.65884,           0.2639,          0.30397,          0.69185,          0.22494,          0.22528
   33,     4,             1.56,          0.98392,          0.19204,           0.3952,          0.84548,          0.16369,          0.18481
   34,     1,           1.3116,           1.1488,         0.054258,          0.41153,          0.91358,         0.046247,         0.052551
   34,     2,            0.435,          0.31424,         0.040253,          0.24481,          0.47781,         0.034309,           0.0398
   34,     3,           1.5694,            1.104,          0.15513,          0.39983,           0.8956,          0.13222,          0.13637
   34,     4,          0.30468,          0.20142,          0.03442,          0.20733,          0.38254,         0.029339,         0.033641
   35,     1,           1.1262,           1.0241,         0.034027,          0.40654,          0.86257,         0.029005,         0.034789
   35,     2,          0.99915,          0.76867,         0.076828,          0.34476,           0.7473,         0.065485,         0.071858
   35,     3,          0.91636,          0.45815,          0.15274,          0.24526,          0.57693,          0.13019,           0.1308
   35,     4,           1.0007,          0.78829,         0.070797,          0.31508,          0.75677,         0.060345,         0.081692
   36,     1,           1.3399,           1.1161,         0.074606,           0.3996,          0.90048,         0.063591,          0.06754
   36,     2,          0.76966,          0.60488,         0.054926,          0.29057,          0.66292,         0.046818,         0.054073
   36,     3,          0.55616,          0.35065,         0.068504,          0.24815,          0.50473,         0.058392,         0.060746
   36,     4,           1.1559,           1.0907,         0.021717,          0.42077,          0.89019,         0.018509,          0.01936
   37,     1,           1.0748,           0.9513,         0.041157,          0.39783,          0.83135,         0.035078,         0.042358
   37,     2,           1.0036,          0.84099,         0.054201,          0.32672,          0.78166,         0.046198,         0.049752
   37,     3,          0.88723,          0.76139,         0.041945,          0.34196,          0.74375,         0.035753,         0.041122
   37,     4,          0.16437,          0.12516,         0.013073,          0.16148,          0.30154,         0.011143,         0.011146
   38,     1,           1.5009,           1.2407,         0.086727,          0.40493,          0.94943,         0.073923,         0.074226
   38,     2,          0.84988,          0.63279,         0.072363,           0.3155,          0.67804,         0.061676,         0.069375
   38,     3,          0.80683,          0.53265,         0.091393,          0.28244,          0.62208,           0.0779,         0.082309
   38,     4,          0.54255,          0.32591,         0.072212,          0.26992,           0.4866,         0.061546,         0.065224
   39,     1,          0.93413,          0.78171,         0.050808,          0.34706,          0.75361,         0.043304,         0.053743
   39,     2,          0.76466,          0.61822,         0.048813,          0.27252,          0.67018,         0.041607,         0.054771
   39,     3,          0.86821,          0.69412,         0.058029,          0.34394,          0.71013,         0.049461,         0.057161
   39,     4,          0.97172,           0.8951,         0.025539,          0.34023,          0.80642,         0.021767,         0.026421
   40,     1,           1.0775,           1.0035,         0.024687,          0.40304,          0.85384,         0.021044,         0.027028
   40,     2,          0.57985,          0.44664,         0.044401,          0.25862,          0.56964,         0.037844,         0.045702
   40,     3,           1.2703,          0.99969,         0.090219,          0.38171,          0.85223,         0.076899,         0.089897
   40,     4,          0.26231,          0.18779,         0.024841,          0.18036,          0.36936,         0.021175,         0.021887
   41,     1,          0.98139,          0.82664,         0.051584,          0.34407,          0.77496,         0.043968,         0.045512
   41,     2,           1.1968,          0.95409,         0.080906,           0.3763,          0.83256,          0.06896,         0.079457
   41,     3,          0.58379,          0.36889,          0.07163,          0.23101,           0.5177,         0.061052,         0.069986
   41,     4,          0.99915,          0.73874,         0.086803,          0.35507,           0.7326,         0.073986,         0.079242
   42,     1,           1.3049,          0.98795,          0.10564,          0.35613,          0.84721,         0.090046,         0.097423
   42,     2,          0.54537,          0.44021,         0.035053,          0.26356,          0.56553,         0.029879,         0.035237
   42,     3,          0.74198,          0.68767,         0.018105,          0.32597,          0.70683,          0.01543,         0.017095
   42,     4,          0.97419,          0.75359,         0.073532,          0.35767,          0.73993,         0.062675,         0.081308
   43,     1,          0.88866,          0.57443,          0.10474,          0.30841,          0.64601,         0.089281,         0.096139
   43,     2,           1.4036,          0.93835,          0.15509,           0.3723,          0.82567,          0.13219,          0.13281
   43,     3,          0.49808,          0.42372,         0.024784,          0.23759,          0.55483,         0.021124,         0.023042
   43,     4,           1.4038,          0.98906,          0.13824,          0.39046,          0.84768,          0.11783,          0.11825
   44,     1,           0.9567,          0.79852,         0.052727,          0.35628,          0.76167,         0.044943,         0.056355
   44,     2,          0.96376,          0.64794,          0.10527,           0.3259,           0.6861,         0.089731,         0.094166
   44,     3,          0.71089,          0.59321,         0.039228,          0.26747,          0.65649,         0.033438,         0.038715
   44,     4,           1.1466,          0.78319,          0.12113,          0.32516,          0.75432,          0.10324,          0.10914
   45,     1,          0.79566,          0.50494,         0.096909,          0.26451,          0.60568,         0.082602,         0.090178
   45,     2,           1.0719,           0.7979,         0.091337,          0.34623,          0.76137,         0.077852,         0.087894
   45,     3,          0.82456,           0.6586,         0.055321,          0.29988,          0.69172,         0.047153,         0.048417
   45,     4,           1.1453,          0.90502,         0.080078,          0.39616,          0.81087,         0.068256,         0.069348
   46,     1,           1.0436,          0.68465,          0.11965,          0.30406,          0.70527,          0.10198,          0.10944
   46,     2,             0.96,          0.79858,         0.053808,          0.34694,          0.76169,         0.045864,         0.052167
   46,     3,          0.84117,          0.57206,         0.089701,          0.30173,          0.64468,         0.076456,         0.088004
   46,     4,          0.89078,          0.71804,         0.057579,          0.31545,          0.72227,         0.049076,         0.049929
   47,     1,           1.3906,           1.0388,          0.11729,          0.37521,          0.86873,         0.099974,          0.10446
   47,     2,          0.42547,          0.30551,         0.039984,           0.2509,          0.47113,         0.034079,         0.038256
   47,     3,          0.96633,          0.76204,         0.068094,          0.33224,          0.74407,         0.058039,         0.061968
   47,     4,          0.66769,          0.44421,         0.074493,            0.266,          0.56809,         0.063492,          0.06509
   48,     1,          0.85287,          0.65933,         0.064512,          0.30076,          0.69211,         0.054985,         0.064119
   48,     2,          0.86391,          0.72667,         0.045746,          0.33236,           0.7266,          0.03899,         0.043157
   48,     3,          0.82802,          0.62342,         0.068201,          0.33032,            0.673,          0.05813,         0.062128
   48,     4,          0.72024,          0.55393,         0.055439,          0.24129,          0.63438,         0.047253,         0.057159
   49,     1,          0.55562,          0.42636,         0.043087,          0.25014,          0.55656,         0.036724,         0.048803
   49,     2,          0.92465,          0.68081,         0.081282,          0.30187,          0.70329,         0.069283,          0.08052
   49,     3,          0.74938,          0.65613,         0.031084,          0.32388,          0.69043,         0.026495,          0.03293
   49,     4,           1.1057,           1.0089,         0.032272,          0.41145,          0.85612,         0.027508,         0.027509
   50,     1,           1.0009,           0.7207,         0.093393,          0.35409,           0.7236,         0.079607,         0.089624
   50,     2,          0.78777,          0.54109,         0.082226,          0.27867,          0.62699,         0.070086,         0.078652
   50,     3,           0.5548,          0.40927,         0.048508,          0.24627,          0.54529,         0.041348,         0.056562
   50,     4,           1.7007,           1.1527,          0.18264,          0.39793,          0.91514,          0.15567,          0.15583
   51,     1,          0.93513,          0.63484,           0.1001,          0.32028,          0.67913,          0.08532,         0.092977
   51,     2,          0.74623,          0.62557,         0.040222,           0.3274,          0.67416,         0.034283,         0.038324
   51,     3,          0.99811,          0.65324,          0.11495,          0.29894,          0.68891,         0.097982,          0.11069
   51,     4,          0.97649,           0.4945,          0.16066,           0.2308,          0.59938,          0.13694,          0.13698
   52,     1,           0.9172,          0.70271,         0.071497,          0.33088,          0.71451,         0.060942,         0.068007
   52,     2,          0.67735,          0.45693,         0.073475,          0.27609,          0.57617,         0.062628,         0.078569
   52,     3,          0.87466,          0.54611,          0.10952,          0.27835,          0.62989,         0.093348,           0.1002
   52,     4,           1.3448,          0.88183,          0.15433,          0.35411,          0.80041,          0.13155,          0.13373
   53,     1,           1.0319,          0.81407,         0.072618,          0.32821,          0.76905,         0.061895,         0.066352
   53,     2,          0.60447,          0.30583,         0.099548,          0.22904,          0.47137,          0.08485,          0.10422
   53,     3,          0.83538,          0.67691,         0.052822,          0.34785,          0.70128,         0.045023,         0.058274
   53,     4,          0.96815,          0.72955,         0.079533,          0.32248,          0.72803,         0.067787,         0.084575
   54,     1,          0.59646,          0.49894,         0.032509,          0.29269,          0.60207,         0.027708,         0.036411
   54,     2,          0.80045,          0.64636,         0.051363,          0.29799,          0.68527,         0.043779,         0.050903
   54,     3,           1.0698,          0.82325,         0.082184,          0.34339,          0.77337,         0.070049,         0.074623
   54,     4,          0.51035,          0.19223,          0.10604,          0.22512,          0.37371,         0.090385,           0.1014
   55,     1,           0.7517,          0.45591,         0.098597,          0.27501,          0.57552,          0.08404,          0.10241
   55,     2,          0.88805,          0.70816,         0.059963,          0.32426,          0.71728,         0.051113,         0.066999
   55,     3,          0.57578,          0.43821,         0.045856,          0.26104,          0.56424,         0.039083,         0.042499
   55,     4,           1.0541,          0.67547,          0.12622,          0.33462,          0.70053,          0.10759,          0.12368
   56,     1,           1.0544,          0.55702,          0.16579,          0.30558,          0.63615,          0.14131,          0.14675
   56,     2,          0.75725,          0.46242,         0.098278,           0.2704,          0.57962,         0.083767,          0.11514
   56,     3,          0.76279,          0.44627,          0.10551,          0.27177,          0.56941,         0.089931,          0.10942
   56,     4,           1.0416,          0.95515,         0.028816,          0.36998,          0.83302,         0.024559,         0.032575
   57,     1,          0.79605,          0.68105,         0.038332,          0.33909,          0.70342,         0.032673,         0.039109
   57,     2,          0.62811,          0.33886,         0.096416,          0.25053,          0.49618,         0.082182,         0.099862
   57,     3,           1.0461,          0.80695,         0.079706,          0.34457,          0.76568,         0.067938,         0.073893
   57,     4,          0.50453,         0.091868,          0.13755,          0.16116,          0.25835,          0.11724,          0.11848
   58,     1,          0.73109,          0.60511,         0.041992,          0.29447,          0.66304,         0.035791,         0.036891
   58,     2,          0.69665,          0.57273,         0.041307,          0.33333,          0.64506,          0.03521,         0.057212
   58,     3,          0.64061,          0.43117,         0.069813,           0.2389,          0.55969,         0.059505,           0.0741
   58,     4,          0.62067,          0.56808,         0.017529,          0.29692,          0.64243,         0.014942,         0.016772
   59,     1,          0.80181,          0.48684,          0.10499,          0.29838,          0.59473,         0.089487,          0.10717
   59,     2,          0.58111,          0.33661,         0.081499,          0.25536,          0.49452,         0.069468,         0.074561
   59,     3,          0.91695,          0.56675,          0.11673,          0.27761,          0.64168,         0.099497,          0.10811
   59,     4,           1.3515,           1.0183,          0.11106,          0.38186,          0.86013,         0.094658,         0.095214
   60,     1,          0.56005,          0.34555,         0.071503,          0.24406,          0.50104,         0.060947,         0.073146
   60,     2,          0.71399,            0.594,         0.039995,          0.31347,          0.65693,         0.034092,         0.039846
   60,     3,          0.76497,          0.53692,         0.076015,          0.26294,          0.62457,         0.064791,           0.0662
   60,     4,          0.84471,          0.61807,         0.075546,          0.34643,           0.6701,         0.064392,         0.071066
   61,     1,          0.77976,          0.53684,         0.080975,          0.27977,          0.62452,         0.069017,         0.078308
   61,     2,          0.83307,          0.67554,         0.052507,          0.32037,          0.70057,         0.044754,         0.054208
   61,     3,          0.54594,          0.41339,         0.044182,           0.2742,          0.54803,         0.037659,         0.047392
   61,     4,          0.28442,          0.11906,         0.055119,          0.18981,          0.29411,         0.046982,         0.059733
   62,     1,          0.48648,          0.40681,         0.026556,           0.2744,          0.54365,         0.022633,         0.024244
   62,     2,          0.76111,          0.59228,         0.056276,          0.28969,          0.65597,         0.047966,         0.056913
   62,     3,          0.79994,           0.6062,         0.064581,          0.30621,          0.66364,         0.055046,         0.060435
   62,     4,          0.41986,          0.12376,         0.098701,          0.18672,          0.29985,         0.084126,         0.088421
   63,     1,           1.2416,          0.80033,          0.14708,          0.36418,          0.76253,          0.12537,          0.12742
   63,     2,          0.51447,          0.26809,         0.082129,          0.24296,          0.44133,         0.070004,         0.077061
   63,     3,          0.34482,          0.27893,         0.021963,          0.20993,          0.45017,         0.018719,         0.020967
   63,     4,          0.74697,          0.48983,         0.085712,          0.25093,          0.59655,         0.073059,         0.079866
   64,     1,          0.62106,          0.52343,         0.032543,          0.29372,          0.61667,         0.027739,         0.037356
   64,     2,           0.5684,          0.19721,          0.12373,           0.2007,          0.37852,          0.10546,          0.13675
   64,     3,           0.7561,          0.45345,          0.10088,          0.27818,          0.57397,         0.085991,          0.12873
   64,     4,           1.2791,          0.89593,          0.12771,          0.36329,          0.80679,          0.10886,          0.11613
   65,     1,          0.80128,          0.42924,          0.12401,          0.28806,          0.55843,          0.10571,          0.12084
   65,     2,           1.2973,          0.53131,          0.25534,          0.27448,          0.62129,          0.21765,          0.22569
   65,     3,          0.88991,          0.47858,          0.13711,          0.28396,          0.58966,          0.11687,          0.12128
   65,     4,          0.35413,         0.065698,         0.096146,          0.13941,          0.21847,         0.081947,         0.082077
   66,     1,          0.89664,          0.39594,           0.1669,          0.25384,          0.53633,          0.14226,          0.14403
   66,     2,          0.69411,           0.5049,          0.06307,          0.30145,          0.60565,         0.053759,         0.056036
   66,     3,          0.44968,          0.25458,         0.065033,          0.21015,          0.43007,         0.055433,         0.063588
   66,     4,            1.024,          0.63499,          0.12967,          0.31571,          0.67921,          0.11053,          0.11962
   67,     1,          0.81329,          0.38025,          0.14435,          0.26276,           0.5256,          0.12304,          0.13508
   67,     2,           1.0345,          0.34814,           0.2288,          0.23078,          0.50292,          0.19502,          0.20257
   67,     3,           1.0511,          0.43016,          0.20697,          0.27295,          0.55903,          0.17641,          0.19882
   67,     4,           1.1891,          0.57602,          0.20437,          0.34394,           0.6469,           0.1742,          0.17424
   68,     1,          0.51858,          0.27338,         0.081734,          0.22366,          0.44566,         0.069666,         0.075884
   68,     2,          0.81433,          0.57907,         0.078421,          0.30833,          0.64862,         0.066843,          0.10107
   68,     3,          0.57117,          0.37818,         0.064331,          0.24978,          0.52417,         0.054831,         0.057373
   68,     4,          0.42247,            0.371,         0.017159,          0.25954,          0.51917,         0.014626,          0.01466
   69,     1,          0.60876,          0.35174,         0.085674,          0.26957,          0.50551,         0.073023,         0.081487
   69,     2,          0.59848,          0.41783,         0.060219,            0.239,          0.55096,         0.051329,         0.060744
   69,     3,          0.71873,          0.55363,         0.055031,           0.2927,          0.63421,         0.046907,         0.060223
   69,     4,          0.54321,          0.24945,         0.097919,          0.20784,          0.42571,         0.083458,         0.085804
   70,     1,           0.8491,          0.50399,          0.11503,          0.30307,          0.60511,         0.098051,          0.13948
   70,     2,          0.44703,          0.33687,         0.036718,          0.22115,          0.49472,         0.031296,         0.042317
   70,     3,           1.0327,          0.42319,          0.20316,          0.26637,          0.55449,          0.17316,           0.1925
   70,     4,           1.0115,          0.27717,          0.24477,            0.208,          0.44874,          0.20864,          0.20889
   71,     1,          0.70705,          0.20986,          0.16573,          0.20699,          0.39047,          0.14126,           0.1541
   71,     2,          0.57864,          0.45184,         0.042265,          0.27743,          0.57295,         0.036024,          0.04308
   71,     3,           1.1463,          0.52112,          0.20838,          0.27387,          0.61531,          0.17762,          0.19158
   71,     4,           1.4751,           0.4826,          0.33085,          0.27813,          0.59213,            0.282,          0.31837
   72,     1,           1.1977,          0.35806,          0.27989,          0.25392,          0.51004,          0.23857,          0.26299
   72,     2,          0.52875,          0.34838,         0.060122,          0.23738,           0.5031,         0.051245,         0.057603
   72,     3,           1.0135,          0.30647,          0.23567,          0.21836,          0.47186,          0.20087,          0.21104
   72,     4,           2.0183,          0.65255,          0.45525,          0.35174,          0.68854,          0.38803,          0.38821
   73,     1,           1.6611,          0.51598,           0.3817,          0.30641,          0.61226,          0.32535,          0.32747
   73,     2,          0.99469,          0.34222,          0.21749,          0.23905,          0.49863,          0.18538,          0.19083
   73,     3,          0.59697,          0.33514,         0.087276,          0.23623,          0.49344,          0.07439,         0.084301
   73,     4,          0.90851,           0.2022,          0.23544,          0.19212,          0.38328,          0.20068,          0.20141
   74,     1,           1.1512,          0.47854,          0.22422,          0.26915,          0.58963,          0.19112,          0.19511
   74,     2,           1.2003,          0.56806,          0.21074,          0.32108,          0.64242,          0.17963,          0.18169
   74,     3,          0.47678,          0.27211,         0.068224,          0.19976,          0.44463,         0.058147,         0.060188
   74,     4,          0.85562,          0.24208,          0.20451,          0.23124,          0.41937,          0.17432,          0.17529
   75,     1,           1.2511,          0.41267,          0.27949,          0.26426,          0.54755,          0.23823,          0.24313
   75,     2,            1.168,          0.43282,          0.24506,          0.26313,          0.56076,          0.20888,          0.20993
   75,     3,          0.65703,          0.42179,         0.078413,          0.26821,          0.55357,         0.066835,         0.092416
   75,     4,          0.42662,          0.21169,         0.071644,          0.19583,          0.39217,         0.061062,         0.070343
   76,     1,          0.98503,          0.49005,          0.16499,          0.29051,          0.59668,          0.14063,          0.16657
   76,     2,           0.3684,          0.22852,         0.046625,          0.19965,          0.40746,         0.039742,          0.04227
   76,     3,          0.89984,          0.58064,           0.1064,          0.28316,           0.6495,         0.090691,          0.11284
   76,     4,          0.51014,          0.40408,         0.035355,           0.3004,          0.54182,         0.030136,         0.035275
   77,     1,              1.2,          0.44733,          0.25089,          0.26487,          0.57008,          0.21385,           0.2148
   77,     2,           1.0501,          0.26385,          0.26207,          0.20248,          0.43783,          0.22338,          0.23037
   77,     3,           1.0756,             0.45,          0.20854,          0.27284,          0.57178,          0.17775,          0.18539
   77,     4,          0.66167,          0.51264,         0.049675,          0.32317,          0.61028,         0.042343,         0.050567
   78,     1,          0.86163,           0.5595,          0.10071,          0.31409,          0.63756,          0.08584,         0.090401
   78,     2,          0.58858,          0.19852,          0.13002,           0.1789,          0.37977,          0.11082,          0.11519
   78,     3,          0.65116,          0.41654,         0.078207,          0.27097,          0.55011,          0.06666,         0.069623
   78,     4,          0.81783,          0.60752,         0.070103,          0.30308,          0.66436,         0.059753,         0.076443
   79,     1,             1.01,          0.64839,          0.12055,          0.33138,          0.68634,          0.10275,          0.10651
   79,     2,          0.41322,          0.31964,         0.031191,          0.23191,           0.4819,         0.026585,         0.032218
   79,     3,          0.88969,          0.27296,          0.20558,          0.22751,          0.44532,          0.17523,          0.20293
   79,     4,          0.52322,          0.32999,         0.064411,          0.22346,          0.48964,         0.054901,         0.070783
   80,     1,          0.91448,          0.58933,          0.10839,          0.30719,          0.65434,         0.092382,            0.113
   80,     2,          0.38649,          0.16304,         0.074482,          0.18288,          0.34417,         0.063484,         0.069449
   80,     3,          0.65009,          0.44981,         0.066759,          0.29111,          0.57166,           0.0569,         0.059632
   80,     4,          0.66703,          0.42652,          0.08017,          0.23905,          0.55667,         0.068333,         0.070383
   81,     1,          0.63175,          0.38606,         0.081898,          0.24428,           0.5296,         0.069807,          0.07569
   81,     2,          0.74009,           0.5187,         0.073799,          0.30458,          0.61387,         0.062902,         0.075269
   81,     3,          0.52532,          0.32419,         0.067041,          0.23569,          0.48531,         0.057142,         0.074009
   81,     4,          0.60799,          0.43444,          0.05785,          0.24212,          0.56181,         0.049309,         0.056787
   82,     1,          0.85807,          0.59159,         0.088825,          0.28698,          0.65559,          0.07571,          0.08776
   82,     2,          0.63894,          0.27052,          0.12281,          0.22038,          0.44332,          0.10468,          0.10955
   82,     3,          0.50678,          0.31062,         0.065388,          0.22676,          0.47504,         0.055733,         0.071144
   82,     4,            1.021,          0.46347,          0.18583,          0.31657,          0.58027,           0.1584,           0.1596
   83,     1,          0.94757,          0.47841,          0.15639,          0.27939,          0.58955,           0.1333,          0.13743
   83,     2,          0.46444,          0.24775,         0.072229,          0.20056,          0.42426,         0.061563,         0.072509
   83,     3,           0.6024,          0.37004,         0.077452,           0.2646,           0.5185,         0.066015,         0.072902
   83,     4,           1.0401,          0.44772,          0.19745,          0.27863,          0.57033,           0.1683,          0.17024
   84,     1,           0.7252,          0.44417,         0.093678,          0.25649,          0.56806,         0.079849,         0.093765
   84,     2,          0.69261,          0.43889,         0.084574,          0.28128,          0.56468,         0.072086,         0.091632
   84,     3,          0.81686,          0.37259,          0.14809,          0.27751,          0.52028,          0.12623,          0.14652
   84,     4,          0.34172,         0.061322,         0.093468,          0.13401,          0.21107,          0.07967,         0.083691
   85,     1,          0.73696,          0.45075,         0.095404,          0.27555,          0.57226,         0.081316,          0.09007
   85,     2,          0.51112,          0.26444,         0.082226,           0.2053,          0.43832,         0.070086,         0.078353
   85,     3,          0.84203,          0.30085,           0.1804,          0.24423,          0.46752,          0.15376,          0.15527
   85,     4,           1.1735,          0.54042,          0.21102,          0.30811,           0.6266,          0.17986,          0.18806
   86,     1,          0.80013,          0.35765,          0.14749,          0.22063,          0.50974,          0.12572,          0.13831
   86,     2,           0.6701,           0.3556,          0.10483,           0.2509,          0.50828,         0.089357,         0.092747
   86,     3,          0.82196,          0.47744,          0.11484,          0.30722,          0.58896,         0.097883,          0.12309
   86,     4,          0.41616,          0.17451,         0.080551,          0.19456,          0.35606,         0.068661,         0.069019
   87,     1,          0.49943,          0.40239,         0.032347,          0.25359,          0.54069,         0.027571,         0.040539
   87,     2,          0.96837,          0.53484,          0.14451,          0.29503,          0.62335,          0.12317,          0.14555
   87,     3,          0.68291,          0.25889,          0.14134,          0.21735,          0.43369,          0.12047,          0.12479
   87,     4,          0.59016,          0.25781,          0.11078,           0.2303,          0.43279,         0.094429,          0.09445
   88,     1,          0.86758,          0.50762,          0.11999,          0.29005,          0.60728,          0.10227,          0.11324
   88,     2,           0.8843,          0.33668,          0.18254,          0.25111,          0.49458,          0.15559,          0.15814
   88,     3,          0.90234,          0.25766,          0.21489,          0.20121,          0.43266,          0.18317,          0.19382
   88,     4,           0.6855,           0.2544,           0.1437,           0.2325,          0.42991,          0.12248,          0.13114
   89,     1,           0.4702,          0.18503,         0.095057,           0.1846,          0.36664,         0.081024,         0.090756
   89,     2,           1.0578,          0.66075,          0.13235,          0.33154,          0.69285,          0.11281,           0.1421
   89,     3,          0.80655,          0.40892,          0.13255,          0.27053,          0.54505,          0.11297,          0.11588
   89,     4,          0.15114,         0.089385,         0.020584,          0.17212,          0.25483,         0.017544,          0.01903
   90,     1,          0.67314,          0.40961,         0.087843,          0.25318,          0.54552,         0.074875,         0.090564
   90,     2,           0.2867,          0.12006,         0.055546,          0.16678,          0.29534,         0.047346,         0.053179
   90,     3,          0.77689,           0.5328,         0.081364,          0.31026,          0.62216,         0.069349,         0.073949
   90,     4,          0.44359,          0.41678,         0.008934,           0.2696,          0.55027,         0.007618,        0.0092491
   91,     1,          0.68214,          0.24025,           0.1473,          0.21144,          0.41778,          0.12555,          0.13137
   91,     2,          0.79149,          0.44799,           0.1145,            0.274,           0.5705,         0.097595,          0.11248
   91,     3,          0.42484,           0.3231,         0.033915,          0.23731,           0.4845,         0.028908,         0.041952
   91,     4,           1.0528,          0.50375,          0.18301,          0.28174,          0.60496,          0.15599,          0.15945
   92,     1,           1.2556,          0.35174,          0.30128,           0.2713,          0.50551,          0.25679,          0.25719
   92,     2,           0.9011,          0.36977,          0.17711,          0.23861,          0.51831,          0.15096,          0.15846
   92,     3,           0.6362,          0.32756,          0.10288,          0.23703,          0.48783,         0.087694,          0.11424
   92,     4,          0.75306,           0.2569,          0.16539,          0.20584,          0.43202,          0.14096,          0.14176
   93,     1,           0.9306,          0.28754,          0.21435,          0.24092,          0.45706,          0.18271,          0.18587
   93,     2,          0.94346,          0.42583,          0.17254,          0.24877,          0.55622,          0.14707,          0.15765
   93,     3,          0.66281,          0.37334,         0.096491,           0.2483,           0.5208,         0.082247,         0.089134
   93,     4,          0.33886,          0.30819,         0.010223,          0.24123,          0.47318,        0.0087166,        0.0090111
   94,     1,          0.86375,          0.36885,          0.16497,           0.2743,          0.51767,          0.14061,          0.14909
   94,     2,           1.1596,          0.43317,          0.24213,          0.27624,          0.56099,          0.20638,          0.21713
   94,     3,          0.55329,          0.32201,         0.077093,          0.22984,          0.48368,          0.06571,         0.082081
   94,     4,          0.45597,          0.04664,          0.13644,          0.11319,          0.18408,           0.1163,          0.11756
   95,     1,          0.73422,          0.27846,          0.15192,          0.23439,          0.44978,          0.12949,          0.13383
   95,     2,          0.55848,          0.24415,          0.10477,          0.17876,          0.42117,         0.089306,          0.10375
   95,     3,          0.70151,          0.55964,         0.047291,          0.31286,          0.63764,         0.040306,          0.04727
   95,     4,          0.61954,          0.33606,         0.094494,          0.25775,          0.49412,         0.080544,         0.087606
   96,     1,          0.74634,          0.25367,          0.16422,           0.2067,           0.4293,          0.13998,          0.14013
   96,     2,           1.0123,          0.35109,          0.22042,          0.24746,          0.50504,          0.18787,          0.19694
   96,     3,           0.9649,          0.35855,          0.20212,          0.25092,          0.51039,          0.17228,          0.18347
   96,     4,           0.6713,          0.37335,         0.099316,           0.2581,          0.52082,         0.084656,         0.084664
   97,     1,          0.63482,          0.30634,          0.10949,          0.22806,          0.47177,         0.093325,         0.098609
   97,     2,          0.88888,          0.41586,          0.15767,          0.24486,          0.54966,          0.13439,          0.14765
   97,     3,          0.86366,          0.30069,          0.18766,          0.24674,          0.46739,          0.15995,          0.16587
   97,     4,          0.76806,          0.46535,           0.1009,           0.2681,          0.58145,         0.086006,          0.10243
   98,     1,          0.20879,          0.13975,         0.023014,          0.18093,          0.31863,         0.019615,          0.02345
   98,     2,            1.068,          0.44898,          0.20635,          0.27256,          0.57113,          0.17589,          0.17977
   98,     3,              1.3,           0.3402,          0.31995,          0.23387,          0.49716,          0.27271,          0.29508
   98,     4,           1.1108,          0.27576,          0.27834,           0.2551,           0.4476,          0.23725,          0.24456
   99,     1,          0.57482,          0.26378,          0.10368,          0.22469,          0.43776,         0.088375,         0.089155
   99,     2,          0.81871,          0.16445,          0.21809,          0.20311,          0.34565,          0.18589,          0.19234
   99,     3,           1.3023,          0.54284,          0.25315,          0.27663,            0.628,          0.21577,          0.22603
   99,     4,           1.6547,          0.43603,          0.40623,          0.30859,          0.56284,          0.34626,          0.34792
  100,     1,           1.2925,          0.17174,          0.37357,           0.1911,          0.35324,          0.31841,          0.32399
  100,     2,           1.1235,          0.31094,          0.27085,          0.25251,          0.47529,          0.23086,          0.23711
  100,     3,           1.0675,          0.41887,          0.21622,          0.24807,          0.55165,          0.18429,          0.19392
  100,     4,          0.82599,          0.64544,         0.060181,          0.34757,          0.68478,         0.051292,         0.052886
  101,     1,          0.85338,          0.25548,           0.1993,           0.2296,          0.43082,          0.16987,          0.19918
  101,     2,          0.79036,          0.44293,          0.11581,          0.27051,          0.56727,         0.098713,           0.1042
  101,     3,          0.45876,          0.26118,         0.065861,          0.23267,           0.4356,         0.056135,         0.071675
  101,     4,          0.59978,          0.41129,         0.062832,          0.22909,          0.54663,         0.053555,         0.057085
  102,     1,           0.5582,          0.35825,          0.06665,          0.26936,          0.51017,         0.056808,         0.060139
  102,     2,           0.5455,          0.41951,         0.041998,          0.25253,          0.55207,         0.035795,         0.047005
  102,     3,          0.54954,          0.43081,         0.039576,          0.25877,          0.55946,         0.033731,         0.049254
  102,     4,          0.16953,         0.077825,         0.030567,          0.16327,          0.23778,         0.026054,          0.02889
  103,     1,          0.60906,          0.37847,         0.076862,          0.25007,          0.52437,         0.065516,         0.069847
  103,     2,          0.57654,           0.4505,         0.042013,           0.2779,           0.5721,          0.03581,         0.061045
  103,     3,          0.59776,           0.3612,         0.078854,          0.25254,          0.51227,         0.067215,         0.075509
  103,     4,          0.19189,         0.077768,          0.03804,          0.15798,           0.2377,         0.032421,         0.035718
  104,     1,          0.42275,          0.33898,         0.027925,          0.25401,          0.49626,         0.023804,         0.028308
  104,     2,          0.73334,           0.4604,         0.090981,          0.28114,          0.57835,         0.077549,          0.08215
  104,     3,          0.41184,          0.29783,         0.038002,          0.22236,          0.46517,         0.032389,         0.041926
  104,     4,          0.32808,          0.18712,         0.046986,          0.18789,          0.36871,         0.040047,         0.052784
  105,     1,          0.84004,          0.61098,         0.076353,          0.31414,          0.66625,         0.065079,         0.070171
  105,     2,          0.38403,          0.30692,         0.025702,          0.26009,          0.47221,          0.02191,          0.03247
  105,     3,          0.41891,          0.22829,          0.06354,          0.20581,          0.40726,         0.054157,          0.05822
  105,     4,          0.13993,         0.058401,         0.027176,          0.13054,          0.20598,         0.023163,         0.026337
  106,     1,          0.17375,         0.074446,         0.033102,           0.1597,          0.23256,         0.028214,         0.033069
  106,     2,          0.70035,          0.48218,         0.072723,          0.30497,          0.59187,         0.061987,         0.071359
  106,     3,          0.52744,          0.36033,         0.055704,          0.23498,          0.51165,          0.04748,         0.049963
  106,     4,           0.7693,          0.43477,          0.11151,          0.27174,          0.56202,         0.095043,         0.098925
  107,     1,          0.48651,          0.21956,         0.088984,          0.19563,          0.39939,         0.075846,         0.081038
  107,     2,          0.54543,          0.28421,         0.087074,          0.21653,          0.45441,         0.074221,          0.10119
  107,     3,          0.78744,          0.48022,          0.10241,          0.29713,          0.59066,          0.08729,         0.097507
  107,     4,          0.59391,          0.25373,           0.1134,          0.23902,          0.42934,         0.096653,         0.098944
  108,     1,          0.84698,          0.26916,          0.19261,          0.20294,          0.44221,          0.16417,          0.17126
  108,     2,          0.71698,           0.2198,          0.16573,          0.19923,          0.39961,          0.14126,           0.1561
  108,     3,          0.63778,          0.29828,          0.11317,          0.24437,          0.46552,          0.09646,         0.099926
  108,     4,          0.45665,          0.40924,         0.015804,          0.30219,          0.54527,          0.01347,         0.014663
  109,     1,          0.96426,          0.40243,          0.18727,          0.26085,          0.54072,          0.15963,            0.174
  109,     2,           1.2012,          0.37178,          0.27648,           0.2444,          0.51971,          0.23566,          0.24071
  109,     3,           1.2999,          0.16175,          0.37937,          0.19366,           0.3428,          0.32336,          0.32581
  109,     4,           1.1139,          0.29215,          0.27391,          0.24167,           0.4607,          0.23347,          0.23456
  110,     1,          0.60475,          0.21358,          0.13039,          0.20209,          0.39391,          0.11114,          0.11253
  110,     2,          0.39874,          0.19259,         0.068716,          0.21213,          0.37406,         0.058573,         0.067431
  110,     3,          0.95417,           0.3722,          0.19399,          0.27405,          0.52001,          0.16535,          0.17013
  110,     4,          0.91762,          0.35505,          0.18752,           0.2121,          0.50789,          0.15984,          0.17472
  111,     1,           0.6493,          0.34894,          0.10012,          0.25511,           0.5035,         0.085339,          0.10721
  111,     2,          0.51944,          0.22288,         0.098854,          0.18086,           0.4024,         0.084259,         0.094985
  111,     3,          0.65136,          0.28942,          0.12065,          0.24545,          0.45855,          0.10283,          0.11034
  111,     4,          0.67453,          0.37244,           0.1007,          0.25885,          0.52018,         0.085831,         0.089702
  112,     1,           0.4892,          0.28851,         0.066898,          0.20435,          0.45783,         0.057018,         0.058124
  112,     2,          0.60491,           0.2875,           0.1058,          0.23062,          0.45703,         0.090185,          0.10338
  112,     3,          0.79541,          0.37198,          0.14115,          0.27434,          0.51985,          0.12031,          0.13898
  112,     4,          0.67377,          0.17088,          0.16763,          0.20555,          0.35235,          0.14288,          0.14422
  113,     1,          0.59684,          0.19854,          0.13277,          0.20621,          0.37979,          0.11317,          0.13945
  113,     2,          0.77856,          0.24803,          0.17684,          0.22499,           0.4245,          0.15074,          0.16954
  113,     3,          0.80242,          0.24819,          0.18474,          0.19881,          0.42464,          0.15747,          0.16365
  113,     4,          0.82006,          0.55102,          0.08968,           0.3338,          0.63271,         0.076439,         0.091909
  114,     1,          0.81331,          0.35389,          0.15314,          0.25597,          0.50706,          0.13053,          0.15333
  114,     2,          0.96853,          0.26214,          0.23546,          0.24568,          0.43641,           0.2007,          0.20245
  114,     3,          0.89066,           0.2755,          0.20505,          0.19838,          0.44739,          0.17478,          0.18209
  114,     4,          0.63937,          0.21267,          0.14223,           0.2091,          0.39308,          0.12123,          0.12186
  115,     1,          0.28618,         0.099644,          0.06218,          0.16514,          0.26906,         0.052996,         0.064005
  115,     2,          0.70162,          0.22533,          0.15876,          0.22299,          0.40461,          0.13532,          0.14715
  115,     3,           1.3018,          0.40582,          0.29866,          0.27358,          0.54299,          0.25457,          0.26106
  115,     4,          0.82105,          0.20607,          0.20499,          0.21978,          0.38693,          0.17472,          0.17772
  116,     1,          0.61515,          0.30699,          0.10272,          0.25951,          0.47227,         0.087553,         0.090424
  116,     2,          0.42747,          0.32122,         0.035418,          0.24166,          0.48308,         0.030186,         0.034753
  116,     3,          0.59929,          0.20201,          0.13243,          0.18463,           0.3831,          0.11287,          0.12164
  116,     4,          0.57126,          0.18604,          0.12841,          0.21284,          0.36764,          0.10945,          0.10951
  117,     1,          0.47197,          0.14677,           0.1084,          0.18995,          0.32654,         0.092398,          0.10364
  117,     2,          0.43625,          0.27267,         0.054529,          0.22239,          0.44508,          0.04648,         0.057211
  117,     3,           0.7606,          0.29989,          0.15357,          0.24249,          0.46677,           0.1309,           0.1462
  117,     4,          0.78014,          0.28029,          0.16662,          0.25505,          0.45126,          0.14202,          0.19664
  118,     1,          0.76122,          0.27297,          0.16275,           0.2388,          0.44533,          0.13872,          0.16847
  118,     2,          0.50476,          0.17353,          0.11041,          0.19143,          0.35507,         0.094107,         0.096052
  118,     3,          0.59109,          0.27754,          0.10452,          0.25524,          0.44904,         0.089085,          0.10456
  118,     4,          0.58453,          0.34744,         0.079029,          0.21135,          0.50242,          0.06736,         0.079992
  119,     1,          0.35694,          0.22578,          0.04372,          0.23026,          0.40501,         0.037268,         0.048052
  119,     2,          0.45625,          0.25666,          0.06653,          0.20873,          0.43182,         0.056709,         0.069628
  119,     3,          0.60307,          0.29878,          0.10143,          0.22801,           0.4659,         0.086456,         0.096743
  119,     4,          0.26186,          0.13282,         0.043011,          0.19554,          0.31064,         0.036663,         0.041124
  120,     1,          0.43132,          0.25239,         0.059643,          0.21785,          0.42821,         0.050838,         0.059573
  120,     2,          0.29726,          0.11472,         0.060846,          0.16189,           0.2887,         0.051861,         0.059128
  120,     3,          0.40408,          0.31161,         0.030821,          0.24016,          0.47581,          0.02627,         0.038599
  120,     4,          0.43506,          0.29705,         0.046005,          0.27301,          0.46455,         0.039207,          0.04097
  121,     1,          0.44447,           0.2555,          0.06299,          0.21447,          0.43084,         0.053692,         0.062879
  121,     2,          0.48475,          0.17657,          0.10273,          0.21067,          0.35816,         0.087559,           0.1049
  121,     3,          0.42214,          0.28482,         0.045774,          0.24358,          0.45489,         0.039017,         0.049419
  121,     4,          0.65022,          0.13088,          0.17311,          0.16566,          0.30836,          0.14756,          0.15005
  122,     1,          0.51369,          0.19564,          0.10602,          0.22247,          0.37701,         0.090366,         0.096152
  122,     2,          0.35777,          0.18835,         0.056473,          0.18273,          0.36992,         0.048134,         0.052313
  122,     3,          0.37548,          0.19304,         0.060814,          0.21771,           0.3745,         0.051838,         0.072074
  122,     4,          0.74705,          0.28977,          0.15243,          0.23327,          0.45883,          0.12992,          0.13151
  123,     1,          0.48028,          0.11277,           0.1225,           0.1725,          0.28624,          0.10441,          0.11388
  123,     2,          0.42133,          0.31188,         0.036482,          0.25449,          0.47601,         0.031094,         0.041081
  123,     3,          0.46013,           0.3076,         0.050844,          0.24374,          0.47273,         0.043337,         0.055641
  123,     4,          0.34834,          0.24896,         0.033127,          0.23201,          0.42529,         0.028233,         0.033963
  124,     1,          0.27455,          0.15598,         0.039524,          0.18687,          0.33663,         0.033686,         0.039295
  124,     2,          0.79247,          0.43555,          0.11897,           0.2943,          0.56253,          0.10141,          0.11115
  124,     3,          0.23637,          0.15485,         0.027174,          0.19452,          0.33541,         0.023161,         0.030219
  124,     4,          0.25731,          0.18139,         0.025307,          0.20039,          0.36302,         0.021568,          0.02795
  125,     1,          0.51508,          0.27949,         0.078533,          0.25478,          0.45061,          0.06694,         0.071738
  125,     2,          0.37929,          0.18586,         0.064478,           0.1999,          0.36747,         0.054958,         0.059367
  125,     3,          0.31634,          0.16233,         0.051338,          0.18626,          0.34341,         0.043758,         0.051182
  125,     4,          0.15306,          0.10815,         0.014969,          0.15431,          0.28031,          0.01276,          0.01345
  126,     1,          0.36826,          0.18634,          0.06064,           0.1969,          0.36794,         0.051685,          0.05425
  126,     2,           0.1737,          0.13057,         0.014378,          0.18624,          0.30799,         0.012257,         0.014937
  126,     3,          0.37545,          0.16527,         0.070061,          0.18664,          0.34651,         0.059717,         0.078297
  126,     4,          0.40537,          0.27464,         0.043575,           0.2628,          0.44669,          0.03714,         0.052335
  127,     1,          0.38959,           0.2341,         0.051832,          0.22979,           0.4124,         0.044178,          0.05195
  127,     2,          0.58058,           0.1148,          0.15526,          0.17195,           0.2888,          0.13234,          0.13612
  127,     3,          0.54609,          0.22734,          0.10625,          0.22456,          0.40641,         0.090563,         0.096596
  127,     4,          0.25169,         0.073794,         0.059299,          0.14153,          0.23154,         0.050541,         0.050541
  128,     1,          0.80792,          0.20819,          0.19991,          0.21889,          0.38891,          0.17039,          0.17958
  128,     2,          0.94027,         0.094796,          0.28183,          0.15169,          0.26243,          0.24022,          0.24151
  128,     3,          0.97853,          0.16354,          0.27166,          0.20662,           0.3447,          0.23156,          0.23393
  128,     4,          0.65576,           0.1487,          0.16902,          0.17564,          0.32868,          0.14407,          0.14491
  129,     1,          0.52906,           0.1922,          0.11229,          0.21869,          0.37368,         0.095709,          0.11351
  129,     2,          0.50162,          0.17492,           0.1089,          0.18051,          0.35648,         0.092825,         0.095418
  129,     3,          0.62918,           0.2098,          0.13979,          0.21389,          0.39041,          0.11916,          0.14987
  129,     4,          0.61922,          0.15071,          0.15617,           0.1972,          0.33089,          0.13311,          0.14778
  130,     1,          0.40961,          0.21489,         0.064907,           0.2281,          0.39512,         0.055325,         0.065662
  130,     2,          0.87635,          0.10436,          0.25733,          0.15444,          0.27535,          0.21934,          0.22048
  130,     3,           1.1787,          0.14893,          0.34325,          0.18396,          0.32894,          0.29258,          0.29343
  130,     4,           1.1044,          0.16593,          0.31284,          0.20805,           0.3472,          0.26665,          0.26685
  131,     1,          0.81568,          0.09728,          0.23947,          0.15977,          0.26585,          0.20411,          0.20633
  131,     2,           0.4706,          0.19374,         0.092287,          0.22724,          0.37517,         0.078661,         0.093728
  131,     3,          0.55713,          0.10725,          0.14996,          0.15668,          0.27914,          0.12782,          0.12902
  131,     4,          0.95068,          0.50169,          0.14966,          0.28444,          0.60373,          0.12757,          0.12759
  132,     1,          0.99268,          0.34242,          0.21675,          0.23882,          0.49877,          0.18475,          0.18835
  132,     2,           1.0056,          0.12843,          0.29238,          0.16988,          0.30547,          0.24921,          0.26797
  132,     3,          0.86983,          0.16079,          0.23635,          0.18785,          0.34178,          0.20145,           0.2263
  132,     4,          0.87575,          0.29002,          0.19524,          0.27404,          0.45903,          0.16642,          0.22075
  133,     1,          0.73875,          0.11939,          0.20645,          0.19066,          0.29452,          0.17597,          0.19209
  133,     2,          0.75936,          0.18419,          0.19172,          0.19315,          0.36581,          0.16342,          0.16526
  133,     3,          0.96685,           0.2392,          0.24255,          0.22045,          0.41687,          0.20674,          0.20852
  133,     4,          0.91561,           0.2526,            0.221,          0.23392,          0.42839,          0.18838,          0.19123
  134,     1,          0.68335,          0.19568,          0.16256,          0.20556,          0.37704,          0.13856,          0.14964
  134,     2,          0.46162,          0.21332,         0.082767,          0.19941,          0.39367,         0.070547,         0.086941
  134,     3,          0.17829,         0.082871,         0.031805,            0.156,          0.24537,         0.027109,         0.035406
  134,     4,          0.49452,          0.33022,         0.054768,           0.2808,           0.4898,          0.04668,         0.051788
  135,     1,           0.4598,          0.28136,         0.059481,          0.24015,          0.45212,         0.050699,         0.054383
  135,     2,          0.25072,          0.11726,         0.044487,          0.17145,          0.29188,         0.037916,          0.05172
  135,     3,          0.42112,          0.19761,         0.074503,          0.20033,           0.3789,         0.063505,         0.077782
  135,     4,          0.38031,          0.10309,         0.092407,          0.16388,          0.27367,         0.078762,         0.091058
  136,     1,          0.18989,         0.091398,         0.032831,          0.15802,          0.25769,         0.027985,         0.035618
  136,     2,          0.25658,          0.19352,         0.021019,          0.18881,          0.37496,         0.017914,         0.024965
  136,     3,          0.29857,           0.1713,         0.042425,          0.20643,          0.35278,         0.036161,         0.040473
  136,     4,           0.6179,          0.41566,         0.067413,            0.293,          0.54953,         0.057461,         0.057529
  137,     1,          0.23218,          0.16519,         0.022327,          0.18129,          0.34643,         0.019032,         0.026841
  137,     2,          0.23963,           0.1205,         0.039711,          0.17399,          0.29588,          0.03385,         0.041007
  137,     3,          0.39364,          0.29858,         0.031687,          0.24719,          0.46575,         0.027008,         0.033618
  137,     4,          0.33647,          0.19234,         0.048042,          0.20557,          0.37381,         0.040947,         0.041072
  138,     1,          0.42592,          0.25185,         0.058023,          0.23906,          0.42776,         0.049458,         0.050576
  138,     2,          0.32982,           0.1223,         0.069172,          0.15474,          0.29808,         0.058958,         0.067954
  138,     3,          0.30047,         0.099034,         0.067146,          0.16375,          0.26823,         0.057232,         0.064279
  138,     4,          0.58511,          0.22723,          0.11929,          0.22297,          0.40631,          0.10168,           0.1049
  139,     1,          0.21253,          0.13623,         0.025434,          0.17305,           0.3146,         0.021679,         0.023764
  139,     2,          0.37852,          0.15973,         0.072929,          0.18509,          0.34065,         0.062162,         0.066966
  139,     3,          0.28027,           0.1727,         0.035858,          0.20457,          0.35422,         0.030561,         0.042168
  139,     4,          0.25553,         0.077745,         0.059261,          0.15343,          0.23766,          0.05051,         0.053713
  140,     1,          0.24396,          0.11718,         0.042261,          0.16408,          0.29178,          0.03602,         0.044628
  140,     2,           0.1884,          0.11848,         0.023306,          0.17932,          0.29339,         0.019869,         0.020974
  140,     3,          0.16424,          0.10166,         0.020863,          0.16893,          0.27176,          0.01778,         0.020433
  140,     4,          0.48773,          0.34345,         0.048096,          0.26383,          0.49952,         0.040989,         0.043573
  141,     1,          0.13571,         0.086446,          0.01642,          0.16092,          0.25061,         0.013998,         0.019925
  141,     2,           0.3171,          0.19584,         0.040419,          0.19983,           0.3772,         0.034452,         0.036035
  141,     3,          0.35093,          0.13314,         0.072599,          0.19492,          0.31101,          0.06188,         0.078548
  141,     4,          0.23984,          0.13181,         0.036011,            0.179,          0.30946,         0.030697,         0.031863
  142,     1,          0.34388,          0.17496,         0.056305,           0.1987,          0.35653,         0.047991,         0.052462
  142,     2,          0.19931,          0.12597,         0.024448,          0.18447,          0.30252,          0.02084,         0.023338
  142,     3,          0.15073,         0.079035,         0.023899,          0.13898,          0.23962,         0.020369,         0.024968
  142,     4,          0.25302,         0.086357,         0.055553,          0.16822,          0.25048,         0.047352,         0.052796
  143,     1,          0.21593,          0.11587,         0.033356,           0.1708,          0.29014,         0.028431,         0.036385
  143,     2,          0.23186,           0.1561,         0.025253,           0.1781,          0.33676,         0.021524,         0.022563
  143,     3,          0.29603,         0.094743,         0.067095,          0.16607,          0.26236,          0.05719,         0.063246
  143,     4,          0.23416,          0.09302,         0.047047,          0.16252,          0.25996,         0.040096,         0.048933
  144,     1,          0.33595,         0.094842,          0.08037,          0.16436,           0.2625,         0.068504,         0.083185
  144,     2,          0.34589,            0.142,         0.067961,            0.164,           0.3212,         0.057928,         0.085908
  144,     3,          0.18197,          0.10704,         0.024977,          0.16855,          0.27887,          0.02129,         0.031936
  144,     4,          0.40967,          0.13912,         0.090183,          0.19845,          0.31792,         0.076866,         0.085747
  145,     1,          0.33698,          0.10677,         0.076738,          0.16519,          0.27851,         0.065405,         0.070259
  145,     2,          0.28572,         0.062178,         0.074512,          0.14078,          0.21254,         0.063511,         0.064981
  145,     3,          0.31725,          0.16646,         0.050261,          0.19986,          0.34776,         0.042839,         0.059463
  145,     4,          0.31506,         0.094477,         0.073528,          0.15424,          0.26199,         0.062672,           0.0627
  146,     1,          0.20334,         0.065962,         0.045792,          0.13805,          0.21891,         0.039032,         0.062456
  146,     2,          0.31547,         0.097791,         0.072559,          0.16254,          0.26655,         0.061846,         0.095574
  146,     3,          0.24676,         0.066068,          0.06023,          0.14581,          0.21909,         0.051338,         0.093873
  146,     4,          0.33296,          0.27651,         0.018814,            0.255,          0.44821,         0.016037,         0.019176
  147,     1,          0.34404,           0.1571,         0.062315,          0.19158,          0.33784,         0.053112,         0.059127
  147,     2,          0.28721,         0.074832,         0.070793,          0.14747,          0.23317,         0.060339,         0.064903
  147,     3,          0.18667,          0.11978,         0.022295,          0.17427,            0.295,         0.019003,         0.025219
  147,     4,          0.23105,         0.094754,         0.045433,          0.16755,          0.26237,         0.038723,         0.046815
  148,     1,          0.31719,          0.11364,          0.06785,          0.18979,          0.28733,         0.057831,         0.060113
  148,     2,          0.39492,          0.15315,         0.080591,          0.19054,          0.33356,         0.068693,         0.073505
  148,     3,          0.20675,         0.066999,         0.046583,           0.1377,          0.22063,         0.039703,         0.040421
  148,     4,          0.22315,          0.07421,         0.049648,          0.14677,           0.2322,          0.04232,         0.042496
  149,     1,          0.36248,          0.14661,         0.071959,          0.18987,          0.32636,         0.061331,         0.069068
  149,     2,          0.16518,         0.076039,         0.029715,          0.15562,          0.23504,         0.025324,         0.029294
  149,     3,          0.14133,         0.064633,         0.025566,          0.13699,           0.2167,         0.021791,         0.022831
  149,     4,          0.21218,          0.08353,         0.042885,           0.1513,          0.24635,         0.036552,         0.041407
  150,     1,           0.2473,          0.13104,         0.038754,          0.18668,          0.30855,         0.033031,          0.03517
  150,     2,          0.22708,         0.061984,         0.055033,          0.14044,          0.21221,         0.046907,         0.049413
  150,     3,          0.35824,          0.10268,         0.085186,          0.17153,          0.27313,         0.072607,         0.073211
  150,     4,         0.067106,         0.047902,        0.0064011,          0.12824,          0.18655,         0.005455,        0.0071656
  151,     1,           0.4385,          0.05078,          0.12924,           0.1311,          0.19207,          0.11016,          0.11081
  151,     2,          0.70016,          0.16063,          0.17984,          0.21421,          0.34162,          0.15329,          0.15717
  151,     3,          0.47228,         0.054888,          0.13913,          0.13355,          0.19969,          0.11859,          0.11868
  151,     4,           0.3135,         0.074274,         0.079742,          0.14651,           0.2323,          0.06797,         0.069936
  152,     1,          0.29842,         0.052116,           0.0821,          0.13031,          0.19458,         0.069981,          0.07287
  152,     2,          0.45124,         0.074661,          0.12553,          0.14974,           0.2329,            0.107,          0.10868
  152,     3,          0.41291,         0.075164,          0.11258,          0.14487,          0.23368,         0.095961,          0.10065
  152,     4,          0.48587,          0.19408,         0.097263,          0.22109,          0.37551,         0.082901,          0.11686
  153,     1,          0.26344,          0.11381,         0.049875,          0.16303,          0.28756,         0.042509,         0.051816
  153,     2,          0.27559,          0.07291,          0.06756,          0.14906,          0.23015,         0.057587,         0.067237
  153,     3,         0.099118,         0.072974,        0.0087147,          0.14163,          0.23025,        0.0074253,        0.0095764
  153,     4,          0.38642,         0.095148,         0.097092,          0.18164,          0.26292,          0.08276,         0.083251
  154,     1,          0.52704,          0.13074,           0.1321,          0.18072,           0.3082,           0.1126,          0.12449
  154,     2,          0.71797,         0.083886,          0.21136,          0.15385,          0.24687,          0.18015,          0.18351
  154,     3,          0.58759,         0.061496,          0.17536,           0.1333,          0.21137,          0.14948,          0.15658
  154,     4,          0.53409,         0.087697,           0.1488,          0.15427,          0.25242,          0.12683,          0.12733
  155,     1,           0.2935,          0.08749,          0.06867,          0.16468,          0.25212,         0.058533,         0.071956
  155,     2,          0.28827,         0.044773,         0.081167,          0.12157,          0.18036,         0.069181,          0.06934
  155,     3,           0.6431,          0.13577,          0.16911,          0.19481,          0.31407,          0.14414,          0.15756
  155,     4,          0.34628,          0.10277,         0.081173,          0.15883,          0.27324,         0.069187,         0.072755
  156,     1,         0.096116,         0.063272,         0.010948,          0.14305,           0.2144,        0.0093346,         0.012509
  156,     2,          0.28252,         0.046453,         0.078688,          0.12259,          0.18371,         0.067072,         0.068079
  156,     3,          0.37818,          0.13345,         0.081577,          0.18352,          0.31137,         0.069534,         0.070914
  156,     4,          0.55893,          0.12332,           0.1452,          0.18613,          0.29933,          0.12376,          0.13121
  157,     1,          0.24519,         0.068504,         0.058895,          0.14674,          0.22309,           0.0502,         0.061954
  157,     2,          0.36575,         0.087266,         0.092827,          0.16205,          0.25179,         0.079121,         0.081167
  157,     3,          0.53748,         0.077298,          0.15339,          0.14514,          0.23698,          0.13075,           0.1313
  157,     4,           0.7406,          0.26304,          0.15919,           0.2583,          0.43715,          0.13568,          0.13644
  158,     1,          0.40012,          0.15981,         0.080103,          0.18844,          0.34074,         0.068277,         0.068572
  158,     2,          0.22909,         0.073094,            0.052,          0.15312,          0.23044,         0.044321,         0.054475
  158,     3,          0.33902,         0.090348,          0.08289,          0.15992,           0.2562,         0.070652,         0.076423
  158,     4,          0.57689,         0.043225,          0.17789,          0.11608,          0.17721,          0.15162,          0.15182
  159,     1,          0.80719,          0.13425,          0.22432,          0.17055,           0.3123,           0.1912,          0.20393
  159,     2,          0.50228,         0.077593,          0.14156,          0.14572,          0.23743,          0.12066,           0.1216
  159,     3,          0.24618,         0.095381,         0.050266,          0.16938,          0.26324,         0.042845,         0.058177
  159,     4,          0.12895,          0.05112,         0.025944,          0.12665,          0.19272,          0.02211,         0.029557
  160,     1,          0.46686,          0.14347,           0.1078,          0.17589,          0.32285,         0.091881,          0.11308
  160,     2,          0.46439,          0.10603,          0.11945,          0.16254,          0.27755,          0.10182,          0.13158
  160,     3,          0.37691,         0.073753,          0.10105,          0.14218,          0.23148,         0.086132,          0.11818
  160,     4,          0.62067,           0.1294,          0.16376,          0.19239,          0.30661,          0.13958,          0.18061
  161,     1,          0.36866,          0.10251,         0.088717,           0.1608,           0.2729,         0.075619,         0.080492
  161,     2,          0.58572,          0.17226,          0.13782,           0.1931,          0.35376,          0.11747,          0.14822
  161,     3,          0.40211,         0.092396,          0.10324,          0.16544,          0.25909,         0.087997,          0.10159
  161,     4,          0.21789,         0.080733,         0.045719,          0.14889,          0.24219,         0.038967,         0.039535
  162,     1,          0.13132,         0.065891,         0.021809,          0.13772,          0.21879,         0.018591,          0.02688
  162,     2,          0.15281,         0.045001,         0.035936,          0.11908,          0.18082,          0.03063,         0.035736
  162,     3,          0.56689,          0.15497,          0.13731,          0.19289,          0.33554,          0.11704,          0.14581
  162,     4,          0.22454,         0.043825,         0.060238,          0.11929,          0.17844,         0.051346,         0.051834
  163,     1,          0.20285,         0.062207,         0.046881,          0.13671,          0.21259,         0.039959,         0.078466
  163,     2,          0.57021,          0.14138,          0.14294,          0.18598,          0.32049,          0.12184,          0.14166
